{
  "strategy_performance": {
    "Emotional Investor_buy_META": [
      -0.01009736747205203,
      0.004264438015643436,
      -0.00273740467965858,
      -0.04175593362738919,
      0.02294439673679694
    ],
    "Emotional Investor_buy_NFLX": [
      -0.018649690666188455,
      0.01796973518285002,
      0.03602766594404867,
      -0.011237157534246546
    ],
    "Emotional Investor_buy_MSFT": [
      -0.03341532185494027,
      -0.0333393950415227,
      -0.03206126687435115
    ],
    "Emotional Investor_buy_AMD": [
      -0.04312086381051897
    ],
    "Emotional Investor_buy_GOOGL": [
      -0.010958070162088104,
      0.05292417167000234,
      -0.0022196763568666927
    ],
    "Emotional Investor_buy_AMZN": [
      0.007016287810989724,
      -0.030038531100102284,
      -0.05158437730287401
    ],
    "Emotional Investor_buy_TSLA": [
      -0.002654597676139019,
      -0.03812563727446023,
      0.015756749850949738
    ],
    "Emotional Investor_buy_AAPL": [
      0.003928916827853033,
      -0.07160173160173161,
      0.04123517228393895,
      0.003985813207228532
    ],
    "Emotional Investor_buy_INTC": [
      -0.01127502364942594,
      0.0013684649997681307,
      0.005407395476196008
    ],
    "Emotional Investor_buy_NVDA": [
      -0.022430160636200867,
      -0.04873137333870312,
      0.012520498737538074,
      0.01771319187943165
    ],
    "Emotional Investor_sell_AMZN": [
      -0.0005427198015197829
    ],
    "Emotional Investor_sell_MSFT": [
      0.007810974419058704,
      -0.014886328246652047
    ],
    "Emotional Investor_sell_INTC": [
      0.029190396426577316,
      0.05597220944142814
    ],
    "Emotional Investor_sell_AAPL": [
      -0.05011771420418068
    ]
  },
  "best_strategies": {}
}