{
  "strategy_performance": {
    "Informed Trader_buy_AAPL": [
      0.02480564951634922,
      0.01227633331403095,
      -0.03395474682603383,
      0.004412784466998784,
      0.0051476720444021615,
      -0.017065639629469723,
      -0.034417790936312004
    ],
    "Informed Trader_buy_AMD": [
      -0.04312086381051897,
      0.026252035426347294,
      -0.005510981440959614,
      -0.018170123814117953
    ],
    "Informed Trader_buy_NFLX": [
      -0.06216290337325164,
      0.01796973518285002,
      0.03602766594404867,
      -0.02161160852114859,
      -0.011237157534246546
    ],
    "Informed Trader_buy_MSFT": [
      -0.010755474925489157,
      -0.0001881231579607521
    ],
    "Informed Trader_buy_TSLA": [
      -0.002654597676139019,
      0.0350759905513215,
      0.00561003811399941
    ],
    "Informed Trader_buy_META": [
      0.02017309819743609,
      -0.017368251529942248,
      0.007160867372667612,
      -0.024859803725215318
    ],
    "Informed Trader_sell_AAPL": [
      -0.0004308885537533051,
      -0.024619975753054232,
      0.026033032479891992
    ],
    "Informed Trader_buy_NVDA": [
      -0.004809945487284589,
      0.00956106040851805,
      0.035854172943657656,
      -0.08308272471239678,
      0.020708029967289286
    ],
    "Informed Trader_sell_NVDA": [
      -0.0032201893948428447,
      0.04873137333870312,
      0.0145357042054756,
      -0.012520498737538074
    ],
    "Informed Trader_sell_AMD": [
      0.016354273944387224,
      0.04183493432660269
    ],
    "Informed Trader_buy_GOOGL": [
      -0.0009366428045760779,
      0.03347632909453045
    ],
    "Informed Trader_buy_AMZN": [
      -0.02106181928579565,
      0.0005427198015197829,
      -0.04015145210951155,
      -0.05158437730287401,
      0.017488372093023213
    ],
    "Informed Trader_sell_NFLX": [
      -0.009978172747115767,
      0.020024395202276876
    ],
    "Informed Trader_sell_AMZN": [
      0.028296849973304915
    ],
    "Informed Trader_sell_MSFT": [
      -0.05316932177186258,
      -6.22897720195548e-05
    ],
    "Informed Trader_buy_INTC": [
      -0.017497417355371893,
      8.699434536747198e-05
    ],
    "Informed Trader_sell_TSLA": [
      0.02762871038068088
    ]
  },
  "best_strategies": {}
}