{
  "strategy_performance": {
    "信息泄露者_buy_MSFT": [
      0.008372802980987267,
      0.025881057268722467,
      -0.051146892888028726,
      0.007809027998222451,
      -0.025462914530808695,
      0.019773283524410747,
      -0.0009952949692363321
    ],
    "信息泄露者_sell_MSFT": [
      -0.010640666043363991,
      -0.00444444444444443,
      0.022337312364470858
    ],
    "信息泄露者_buy_GOOGL": [
      0.022795333661109477,
      0.03387156644394944,
      -0.0632358187656083,
      -0.011672016340822967,
      0.0038918860885202478,
      0.01023780360980797
    ],
    "信息泄露者_buy_META": [
      0.06939469091577104,
      0.024887172365908757,
      -0.041953330747402186,
      0.0030046027957723004,
      -0.005470964339858961,
      0.03187963944856841,
      0.014494615368146063,
      -0.025800235520822206
    ],
    "信息泄露者_buy_NVDA": [
      -0.007024386549530299
    ],
    "信息泄露者_buy_NFLX": [
      -0.014043217173388807,
      0.004899370767087806,
      -0.0008601739462868126,
      -0.004339325735539538,
      0.009530418690724045,
      -0.0418998354102986,
      -0.04250812727810079
    ],
    "信息泄露者_buy_AMZN": [
      -0.05990493773814668,
      0.007563095437071713,
      -0.04644797412184294,
      0.030730934600588462,
      0.003844510892780887
    ],
    "信息泄露者_buy_AAPL": [
      0.0029694570135746392,
      0.006861224681611016,
      -0.00045201826153774046,
      -0.020214353547686876,
      -0.014844560754410468,
      -0.05016589907393649
    ],
    "信息泄露者_buy_TSLA": [
      0.00769158615514499,
      0.004514147431124343,
      0.0386842714848274,
      -0.007359500446030229,
      -0.043740166329512206,
      0.02482124151751158,
      0.019642698426806448,
      0.020135983263598348,
      0.012176365034606488,
      0.01602507504856081,
      0.01147077992613507
    ],
    "信息泄露者_sell_META": [
      -0.012606671838634526,
      -0.006405754538296178,
      -0.01361614071391616,
      0.020582965520255243
    ],
    "信息泄露者_sell_NVDA": [
      0.0021971123666039926,
      0.02734859278722494
    ],
    "信息泄露者_sell_TSLA": [
      0.022107418784324675,
      -0.012169824367307363
    ],
    "信息泄露者_buy_AMD": [
      0.0643818544366899,
      0.01897258996830129,
      0.0020357747380941177,
      -0.038144588764352685,
      0.006449885605802407,
      0.014357986027463212
    ],
    "信息泄露者_sell_AMD": [
      0.013760053142274232,
      0.014006460892735028
    ],
    "信息泄露者_buy_INTC": [
      0.00881810651203793,
      -0.00816696914700545,
      -0.0007803670416016912,
      0.006174957118353429,
      -0.01615568202680381,
      -0.0019459920560872717
    ],
    "信息泄露者_sell_GOOGL": [
      0.009355372769558105
    ],
    "信息泄露者_sell_AMZN": [
      -0.016168864451796276
    ]
  },
  "best_strategies": {}
}