{
  "strategy_performance": {
    "情绪投资者_buy_GOOGL": [
      0.024660338730690543,
      -0.060000874011274824,
      0.03387156644394944,
      -0.009355372769558105
    ],
    "情绪投资者_buy_AMZN": [
      0.014782246143350015,
      -0.03118458095719334,
      -0.05574925816023749,
      0.010913426265590588
    ],
    "情绪投资者_buy_NVDA": [
      -0.007833486746942822,
      0.032496364517692666,
      0.027512118433119438,
      0.024443999198557328
    ],
    "情绪投资者_buy_TSLA": [
      0.014125985824098951,
      0.00769158615514499,
      0.01979127491538176
    ],
    "情绪投资者_buy_META": [
      0.06939469091577104,
      0.004984328748041138,
      -0.04508352717276379,
      0.02307610881761401,
      0.03187963944856841,
      0.014631000822715816
    ],
    "情绪投资者_buy_NFLX": [
      -0.014043217173388807,
      -0.0275321447349554,
      0.00847119792704798,
      -0.004339325735539538,
      0.009530418690724045,
      -0.04250812727810079
    ],
    "情绪投资者_buy_INTC": [
      0.015546615010182264,
      -0.03114082489255281,
      0.015797616785646406,
      0.0015220314045813724,
      -0.03592414529914527
    ],
    "情绪投资者_buy_MSFT": [
      -0.003352617699368406,
      -0.018312530735545497
    ],
    "情绪投资者_buy_AMD": [
      -0.06353755594259132,
      -0.013760053142274232,
      -0.024919308904499716
    ],
    "情绪投资者_sell_INTC": [
      -0.00881810651203793,
      -0.013007298090647244
    ],
    "情绪投资者_buy_AAPL": [
      -0.009209173409629408,
      -0.05016589907393649
    ],
    "情绪投资者_sell_MSFT": [
      0.022337312364470858
    ],
    "情绪投资者_sell_AAPL": [
      -0.025599582898852953
    ],
    "情绪投资者_sell_NVDA": [
      0.02155980140254616
    ]
  },
  "best_strategies": {}
}