{
  "strategy_performance": {
    "理性基金经理_buy_AAPL": [
      0.038538925862869514
    ],
    "理性基金经理_buy_GOOGL": [
      0.015938606847697715
    ],
    "理性基金经理_buy_NVDA": [
      -0.007833486746942822,
      -0.007024386549530299,
      -0.011898179044713526,
      -0.0021971123666039926
    ],
    "理性基金经理_buy_TSLA": [
      0.014125985824098951,
      0.04085248806418276,
      -0.00044933722758940794,
      0.020135983263598348
    ],
    "理性基金经理_buy_INTC": [
      0.021452230617948504,
      0.015546615010182264
    ],
    "理性基金经理_sell_GOOGL": [
      0.005219181103133947
    ],
    "理性基金经理_buy_NFLX": [
      0.03520114942528733
    ],
    "理性基金经理_sell_NFLX": [
      0.04250812727810079,
      -0.005041411595246763
    ],
    "理性基金经理_buy_META": [
      -0.020582965520255243
    ],
    "理性基金经理_buy_AMZN": [
      -0.01340572144497799
    ]
  },
  "best_strategies": {}
}